-- Return to original state
DELETE FROM section;
DELETE FROM newspaper;
DELETE FROM country;

-- Populate countries
INSERT INTO country(id, name, code) VALUES
(1, "Argentina", "AR"),
(2, "Spain", "ES"),
(3, "United States", "US"),
(4, "United Kingdom", "GB"),
(5, "France", "FR"),
(6, "Italy", "IT"),
(7, "Greece", "GR"),
(8, "Switzerland", "CH"),
(9, "Portugal", "PT"),
(10, "Germany", "DE"),
(11, "Sweden", "SE"),
(12, "Netherlands", "NL"),
(13, "Russian Federation", "RU"),
(14, "Canada", "CA"),
(15, "Mexico", "MX"),
(16, "Belgium", "BE");

-- Populate newspapers
INSERT INTO newspaper(id, name, country_id) VALUES
(1,'The New York Times',3),
(2,'The New Yorker',3),
(3,'BBC',4),
(4,'CNN',3),
(5,'Wired',3),
(6,'The Washington Post',3);

-- Populate sections
INSERT INTO section(name, rss, newspaper_id) VALUES
('Home Page (U.S.)','http://www.nytimes.com/services/xml/rss/nyt/HomePage.xml',1),
('Home Page (International Edition)','http://www.nytimes.com/services/xml/rss/nyt/InternationalHome.xml',1),
('World','http://www.nytimes.com/services/xml/rss/nyt/World.xml',1),
('At War Blog','http://atwar.blogs.nytimes.com/feed/',1),
('Africa','http://www.nytimes.com/services/xml/rss/nyt/Africa.xml',1),
('Americas','http://www.nytimes.com/services/xml/rss/nyt/Americas.xml',1),
('Asia Pacific','http://www.nytimes.com/services/xml/rss/nyt/AsiaPacific.xml',1),
('Europe','http://www.nytimes.com/services/xml/rss/nyt/Europe.xml',1),
('Middle East','http://www.nytimes.com/services/xml/rss/nyt/MiddleEast.xml',1),
('U.S.','http://www.nytimes.com/services/xml/rss/nyt/US.xml',1),
('Education','http://www.nytimes.com/services/xml/rss/nyt/Education.xml',1),
('The Learning Network Blog','http://learning.blogs.nytimes.com/feed',1),
('Politics','http://www.nytimes.com/services/xml/rss/nyt/Politics.xml',1),
('The Upshot','http://www.nytimes.com/services/xml/rss/nyt/Upshot.xml',1),
('N.Y./Region','http://www.nytimes.com/services/xml/rss/nyt/NYRegion.xml',1),
('City Room Blog','http://cityroom.blogs.nytimes.com/feed/',1),
('Fort Greene - NY Blog','http://fort-greene.blogs.nytimes.com/feed',1),
('East Village Blog','http://eastvillage.thelocal.nytimes.com/feed/',1),
('Business','http://feeds.nytimes.com/nyt/rss/Business',1),
('Energy & Environment','http://www.nytimes.com/services/xml/rss/nyt/EnergyEnvironment.xml',1),
('International Business','http://www.nytimes.com/services/xml/rss/nyt/InternationalBusiness.xml',1),
('Small Business','http://www.nytimes.com/services/xml/rss/nyt/SmallBusiness.xml',1),
('You re the Boss Blog','http://boss.blogs.nytimes.com/feed',1),
('Economy','http://www.nytimes.com/services/xml/rss/nyt/Economy.xml',1),
('DealBook','http://www.nytimes.com/services/xml/rss/nyt/Dealbook.xml',1),
('Media & Advertising','http://www.nytimes.com/services/xml/rss/nyt/MediaandAdvertising.xml',1),
('Your Money','http://www.nytimes.com/services/xml/rss/nyt/YourMoney.xml',1),
('Technology','http://feeds.nytimes.com/nyt/rss/Technology',1),
('Bits Blog','http://bits.blogs.nytimes.com/feed/',1),
('Personal Tech','http://www.nytimes.com/services/xml/rss/nyt/PersonalTech.xml',1),
('Sports','http://www.nytimes.com/services/xml/rss/nyt/Sports.xml',1),
('International Sports','http://www.nytimes.com/services/xml/rss/nyt/InternationalSports.xml',1),
('Baseball','http://www.nytimes.com/services/xml/rss/nyt/Baseball.xml',1),
('College Basketball','http://www.nytimes.com/services/xml/rss/nyt/CollegeBasketball.xml',1),
('College Football','http://www.nytimes.com/services/xml/rss/nyt/CollegeFootball.xml',1),
('Golf','http://www.nytimes.com/services/xml/rss/nyt/Golf.xml',1),
('Hockey','http://www.nytimes.com/services/xml/rss/nyt/Hockey.xml',1),
('Pro-Basketball','http://www.nytimes.com/services/xml/rss/nyt/ProBasketball.xml',1),
('Pro-Football','http://www.nytimes.com/services/xml/rss/nyt/ProFootball.xml',1),
('Soccer','http://www.nytimes.com/services/xml/rss/nyt/Soccer.xml',1),
('Tennis','http://www.nytimes.com/services/xml/rss/nyt/Tennis.xml',1),
('Gambit Blog','http://gambit.blogs.nytimes.com/feed/',1),
('Science','http://www.nytimes.com/services/xml/rss/nyt/Science.xml',1),
('Environment','http://www.nytimes.com/services/xml/rss/nyt/Environment.xml',1),
('Space & Cosmos','http://www.nytimes.com/services/xml/rss/nyt/Space.xml',1),
('Health','http://www.nytimes.com/services/xml/rss/nyt/Health.xml',1),
('Well Blog','http://well.blogs.nytimes.com/feed/',1),
('The New Old Age Blog','http://newoldage.blogs.nytimes.com/feed/',1),
('Research','http://www.nytimes.com/services/xml/rss/nyt/Research.xml',1),
('Fitness & Nutrition','http://www.nytimes.com/services/xml/rss/nyt/Nutrition.xml',1),
('Money & Policy','http://www.nytimes.com/services/xml/rss/nyt/HealthCarePolicy.xml',1),
('Views','http://www.nytimes.com/services/xml/rss/nyt/Views.xml',1),
('Arts','http://www.nytimes.com/services/xml/rss/nyt/Arts.xml',1),
('International Arts','http://www.nytimes.com/services/xml/rss/nyt/InternationalArts.xml',1),
('Art & Design','http://www.nytimes.com/services/xml/rss/nyt/ArtandDesign.xml',1),
('Books','http://www.nytimes.com/services/xml/rss/nyt/Books.xml',1),
('Sunday Book Review','http://www.nytimes.com/services/xml/rss/nyt/SundayBookReview.xml',1),
('Dance','http://www.nytimes.com/services/xml/rss/nyt/Dance.xml',1),
('Movies','http://www.nytimes.com/services/xml/rss/nyt/Movies.xml',1),
('Music','http://www.nytimes.com/services/xml/rss/nyt/Music.xml',1),
('Television','http://www.nytimes.com/services/xml/rss/nyt/Television.xml',1),
('Theater','http://www.nytimes.com/services/xml/rss/nyt/Theater.xml',1),
('Artsbeat Blog','http://artsbeat.blogs.nytimes.com/feed',1),
('Carpetbagger Blog','http://carpetbagger.blogs.nytimes.com/feed',1),
('Fashion & Style','http://www.nytimes.com/services/xml/rss/nyt/FashionandStyle.xml',1),
('On the Runway Blog','http://runway.blogs.nytimes.com/feed/',1),
('International Style','http://www.nytimes.com/services/xml/rss/nyt/InternationalStyle.xml',1),
('Dining & Wine','http://www.nytimes.com/services/xml/rss/nyt/DiningandWine.xml',1),
('International Dining','http://www.nytimes.com/services/xml/rss/nyt/InternationalDiningandWine.xml',1),
('Home & Garden','http://www.nytimes.com/services/xml/rss/nyt/HomeandGarden.xml',1),
('Weddings/Celebrations','http://www.nytimes.com/services/xml/rss/nyt/Weddings.xml',1),
('T Magazine','http://www.nytimes.com/services/xml/rss/nyt/tmagazine.xml',1),
('Motherlode Blog','http://parenting.blogs.nytimes.com/feed/',1),
('Travel','http://www.nytimes.com/services/xml/rss/nyt/Travel.xml',1),
('In Transit Blog','http://intransit.blogs.nytimes.com/feed',1),
('Frugal Traveler','http://topics.nytimes.com/top/features/travel/columns/frugal_traveler/index.html?rss=1',1),
('6th Floor Blog','http://6thfloor.blogs.nytimes.com/feed/',1),
('Jobs','http://www.nytimes.com/services/xml/rss/nyt/JobMarket.xml',1),
('Real Estate','http://www.nytimes.com/services/xml/rss/nyt/RealEstate.xml',1),
('Commercial','http://www.nytimes.com/services/xml/rss/nyt/Commercial.xml',1),
('Autos','http://www.nytimes.com/services/xml/rss/nyt/Automobiles.xml',1),
('After Deadline Blog','http://afterdeadline.blogs.nytimes.com/feed/',1),
('Lens Blog','http://lens.blogs.nytimes.com/feed/',1),
('The Public Editor s Journal','http://publiceditor.blogs.nytimes.com/feed/',1),
('Wordplay Blog','http://wordplay.blogs.nytimes.com/feed',1),
('Obituaries','http://www.nytimes.com/services/xml/rss/nyt/Obituaries.xml',1),
('Times Wire','http://nytimes.com/timeswire/feeds/',1),
('Most E-Mailed','http://www.nytimes.com/services/xml/rss/nyt/pop_top.xml',1),
('Most Shared','http://www.nytimes.com/services/xml/rss/nyt/MostShared.xml',1),
('Most Viewed','http://www.nytimes.com/services/xml/rss/nyt/MostViewed.xml',1),
('Charles M. Blow','http://topics.nytimes.com/top/opinion/editorialsandoped/oped/columnists/charles_m_blow/index.html?rss=1',1),
('David Brooks','http://topics.nytimes.com/top/opinion/editorialsandoped/oped/columnists/davidbrooks/index.html?rss=1',1),
('The Conversation Blog','http://opinionator.blogs.nytimes.com/category/the-conversation/feed/',1),
('Frank Bruni','http://topics.nytimes.com/top/opinion/editorialsandoped/oped/columnists/frankbruni/index.html?rss=1',1),
('Frank Bruni Blog','http://bruni.blogs.nytimes.com/feed/',1),
('Roger Cohen','http://topics.nytimes.com/top/news/international/columns/rogercohen/index.html?rss=1',1),
('Gail Collins','http://topics.nytimes.com/top/opinion/editorialsandoped/oped/columnists/gailcollins/index.html?rss=1',1),
('The Conversation Blog','http://opinionator.blogs.nytimes.com/category/the-conversation/feed/',1),
('Ross Douthat','http://topics.nytimes.com/top/opinion/editorialsandoped/oped/columnists/rossdouthat/index.html?rss=1',1),
('Evaluations Blog','http://douthat.blogs.nytimes.com/feed/',1),
('Maureen Dowd','http://topics.nytimes.com/top/opinion/editorialsandoped/oped/columnists/maureendowd/index.html?rss=1',1),
('Thomas L. Friedman','http://topics.nytimes.com/top/opinion/editorialsandoped/oped/columnists/thomaslfriedman/index.html?rss=1',1),
('Bill Keller','http://topics.nytimes.com/top/opinion/editorialsandoped/oped/columnists/billkeller/index.html?rss=1',1),
('Nicholas D. Kristof','http://topics.nytimes.com/top/opinion/editorialsandoped/oped/columnists/nicholasdkristof/index.html?rss=1',1),
('On the Ground Blog','http://kristof.blogs.nytimes.com/feed/',1),
('Paul Krugman','http://topics.nytimes.com/top/opinion/editorialsandoped/oped/columnists/paulkrugman/index.html?rss=1',1),
('The Conscience of a Liberal Blog','http://krugman.blogs.nytimes.com/feed/',1),
('Joe Nocera','http://topics.nytimes.com/top/opinion/editorialsandoped/oped/columnists/joenocera/index.html?rss=1',1),
('Editorials','http://topics.nytimes.com/top/opinion/editorialsandoped/editorials/index.html?rss=1',1),
('Op-Eds','http://topics.nytimes.com/top/opinion/editorialsandoped/oped/contributors/index.html?rss=1',1),
('Diane Ackerman','http://opinionator.blogs.nytimes.com/category/diane-ackerman/feed/',1),
('Allison Arieff','http://opinionator.blogs.nytimes.com/category/allison-arieff/feed/',1),
('Mark Bittman','http://opinionator.blogs.nytimes.com/category/mark-bittman/feed/',1),
('Mark Bittman Blog','http://bittman.blogs.nytimes.com/feed',1),
('Dick Cavett','http://opinionator.blogs.nytimes.com/category/dick-cavett/feed/',1),
('Thomas B. Edsall','http://opinionator.blogs.nytimes.com/category/thomas-b-edsall/feed/',1),
('Timothy Egan','http://opinionator.blogs.nytimes.com/category/timothy-egan/feed/',1),
('Ezekiel J. Emanuel','http://opinionator.blogs.nytimes.com/category/ezekiel-j-emanuel/feed/',1),
('Stanley Fish','http://opinionator.blogs.nytimes.com/category/stanley-fish/feed/',1),
('Doug Glanville','http://opinionator.blogs.nytimes.com/category/doug-glanville/feed/',1),
('Linda Greenhouse','http://opinionator.blogs.nytimes.com/category/linda-greenhouse/feed/',1),
('Errol Morris','http://opinionator.blogs.nytimes.com/category/errol-morris/feed/',1),
('Steven Rattner','http://opinionator.blogs.nytimes.com/category/steven-rattner/feed/',1),
('Anxiety','http://opinionator.blogs.nytimes.com/category/anxiety/feed/',1),
('Bedside','http://opinionator.blogs.nytimes.com/category/bedside/feed/',1),
('Disunion','http://opinionator.blogs.nytimes.com/category/disunion/feed/',1),
('Draft','http://opinionator.blogs.nytimes.com/category/draft/feed/',1),
('Fixes','http://opinionator.blogs.nytimes.com/category/fixes/feed/',1),
('Home Fires','http://opinionator.blogs.nytimes.com/category/home-fires/feed/',1),
('The Conversation','http://opinionator.blogs.nytimes.com/category/the-conversation/feed/',1),
('Schooling','http://opinionator.blogs.nytimes.com/category/schooling/feed/',1),
('The Score','http://opinionator.blogs.nytimes.com/category/the-score/feed/',1),
('The Stone','http://opinionator.blogs.nytimes.com/category/the-stone/feed/',1),
('Things I Saw','http://opinionator.blogs.nytimes.com/category/things-i-saw/feed/',1),
('Townies','http://opinionator.blogs.nytimes.com/category/townies/feed/',1),
('Dot Earth','http://dotearth.blogs.nytimes.com/feed/',1),
('Room for Debate','http://roomfordebate.blogs.nytimes.com/feed',1),
('Taking Note','http://takingnote.blogs.nytimes.com/feed/',1),
('Sunday Review','http://www.nytimes.com/services/xml/rss/nyt/sunday-review.xml',1),
('Letters','http://topics.nytimes.com/top/opinion/editorialsandoped/letters/index.html?rss=1',1),
('International Opinion','http://www.nytimes.com/services/xml/rss/nyt/InternationalOpinion.xml',1),
('Top Stories','http://feeds.bbci.co.uk/news/rss.xml',3),
('World','http://feeds.bbci.co.uk/news/world/rss.xml',3),
('UK','http://feeds.bbci.co.uk/news/uk/rss.xml',3),
('Business','http://feeds.bbci.co.uk/news/business/rss.xml',3),
('Politics','http://feeds.bbci.co.uk/news/politics/rss.xml',3),
('Health','http://feeds.bbci.co.uk/news/health/rss.xml',3),
('Education & Family','http://feeds.bbci.co.uk/news/education/rss.xml',3),
('Science & Environment','http://feeds.bbci.co.uk/news/science_and_environment/rss.xml',3),
('Technology','http://feeds.bbci.co.uk/news/technology/rss.xml',3),
('Entertainment & Arts','http://feeds.bbci.co.uk/news/entertainment_and_arts/rss.xml',3),
('Africa','http://feeds.bbci.co.uk/news/world/africa/rss.xml',3),
('Asia','http://feeds.bbci.co.uk/news/world/asia/rss.xml',3),
('Europe','http://feeds.bbci.co.uk/news/world/europe/rss.xml',3),
('Latin America','http://feeds.bbci.co.uk/news/world/latin_america/rss.xml',3),
('Middle East','http://feeds.bbci.co.uk/news/world/middle_east/rss.xml',3),
('US & Canada','http://feeds.bbci.co.uk/news/world/us_and_canada/rss.xml',3),
('England','http://feeds.bbci.co.uk/news/england/rss.xml',3),
('Northern Ireland','http://feeds.bbci.co.uk/news/northern_ireland/rss.xml',3),
('Scotland','http://feeds.bbci.co.uk/news/scotland/rss.xml',3),
('Wales','http://feeds.bbci.co.uk/news/wales/rss.xml',3),
('Top Stories - Videos & Audio','http://feeds.bbci.co.uk/news/video_and_audio/news_front_page/rss.xml?edition=uk',3),
('World - Videos & Audio','http://feeds.bbci.co.uk/news/video_and_audio/world/rss.xml',3),
('UK - Videos & Audio','http://feeds.bbci.co.uk/news/video_and_audio/uk/rss.xml',3),
('Business - Videos & Audio','http://feeds.bbci.co.uk/news/video_and_audio/business/rss.xml',3),
('Politics - Videos & Audio','http://feeds.bbci.co.uk/news/video_and_audio/politics/rss.xml',3),
('Health - Videos & Audio','http://feeds.bbci.co.uk/news/video_and_audio/health/rss.xml',3),
('Science & Environment - Videos & Audio','http://feeds.bbci.co.uk/news/video_and_audio/science_and_environment/rss.xml',3),
('Technology - Videos & Audio','http://feeds.bbci.co.uk/news/video_and_audio/technology/rss.xml',3),
('Entertainment & Arts - Videos & Audio','http://feeds.bbci.co.uk/news/video_and_audio/entertainment_and_arts/rss.xml',3),
('Latest published stories','http://feeds.bbci.co.uk/news/system/latest_published_content/rss.xml',3),
('Magazine','http://feeds.bbci.co.uk/news/magazine/rss.xml',3),
('Also in the news','http://feeds.bbci.co.uk/news/also_in_the_news/rss.xml',3),
('In Pictures','http://newsrss.bbc.co.uk/rss/newsonline_uk_edition/in_pictures/rss.xml',3),
('Special Reports','http://feeds.bbci.co.uk/news/special_reports/rss.xml',3),
('Have your say','http://feeds.bbci.co.uk/news/have_your_say/rss.xml',3),
('Editors Blog','http://www.bbc.co.uk/blogs/theeditors/rss.xml',3),
('BBC Sport feeds','http://news.bbc.co.uk/sport1/hi/help/rss/default.stm',3),
('Terms of Use','http://www.bbc.co.uk/terms/additional_rss.shtml',3),
('UK','http://feeds.bbci.co.uk/news/rss.xml?edition=uk',3),
('US & Canada','http://feeds.bbci.co.uk/news/rss.xml?edition=us',3),
('Rest of the world','http://feeds.bbci.co.uk/news/rss.xml?edition=int',3);